{"count":1,"gauges":{},"self":46.1131008,"total":49.018869599999995,"children":{"AgentResetIfDone":{"count":2392,"self":0.0771379,"total":0.0771379,"children":null},"AgentSendState":{"count":2392,"self":0.56650289999999992,"total":2.5511513999999997,"children":{"CollectObservations":{"count":28704,"self":1.9846484,"total":1.9846484999999998,"children":null}}},"DecideAction":{"count":2392,"self":0.1045258,"total":0.1045258,"children":null},"AcademyStep":{"count":2392,"self":0.027409899999999997,"total":0.027409899999999997,"children":null},"AgentAct":{"count":2392,"self":0.14255389999999998,"total":0.14255389999999998,"children":null}}}