{"count":1,"gauges":{},"self":417.7104384,"total":560.66599769999993,"children":{"AgentResetIfDone":{"count":27807,"self":1.5162773999999999,"total":1.5162773999999999,"children":null},"AgentSendState":{"count":27807,"self":8.9953583999999989,"total":25.009199499999998,"children":{"CollectObservations":{"count":111228,"self":16.01384,"total":16.0138407,"children":null}}},"DecideAction":{"count":27807,"self":113.4702848,"total":113.47028379999999,"children":null},"AcademyStep":{"count":27807,"self":0.6349338,"total":0.6349338,"children":null},"AgentAct":{"count":27807,"self":2.3208468,"total":2.3208466999999997,"children":null}}}